{"cameraMode":{"drawMode":0,"name":"Shaded","section":"Shading Mode"},"sceneLighting":true,"audioPlay":false,"sceneViewState":{"m_AlwaysRefresh":false,"showFog":true,"showSkybox":true,"showFlares":true,"showImageEffects":true,"showParticleSystems":true,"showVisualEffectGraphs":true,"m_FxEnabled":true},"in2DMode":false,"pivot":{"x":384.0660400390625,"y":164.08551025390626,"z":5.967983722686768},"rotation":{"x":-0.000012863732990808785,"y":0.06776346266269684,"z":0.000015542607798124664,"w":-0.9977309703826904},"size":286.7547607421875,"orthographic":false}